Name,Address,Zip Code,State,Phone,Email,Web URL,Type,Style
Arizona Filipino Martial Arts,"318 North 5th Avenue, Phoenix ",85003,Arizona,[602] 6799713,Email,Web URL,school,
Arnis Balite,Peoria ,85345,Arizona,,,,school,Arnis
Comprehensive Fighting Systems,Sahuarita ,85629,Arizona,[575] 3084632,,,school,
Direct Torres Eskrima International,Mesa ,85213,Arizona,,,,school,Eskrima
DTE Eskrima,"1409 W. Indian School Rd., Phoenix ",,Arizona,[480] 3319885,,,school,Eskrima
ESAELD Panuntukan/JKD,"Val Vista Dr & Guadalupe Rd., Gilbert ",85234,Arizona, ,,,school,
Full Circle Martial Arts,Glendale ,,Arizona,[623] 7556720,,,school,
FTMA Arizona Chapter,Phoenix ,,Arizona,[480] 3433362,,,school,
Gerald Toki School of Kali,"7171 W Discovery Dr, Glendale ",85303,Arizona,[623] 3329367,,,school,Kali
NavaSticks FMA,North Central Phoenix ,85032,Arizona,[480] 7071141 ,,,school,
Phoenix Combat Escrima ,Phoenix AZ,,Arizona,[602] 3589520 ,,,school,Escrima
Progressive Arnis Tucson Arizona,"7320 N. La Cholla Blvd. #164, Tucson ",85741,Arizona,,,,school,Arnis
Southwest Martial Arts,"2356 W. Jasper Butte Dr., Queen Creek ",85242,Arizona,[480] 9875116,,,school,
Stick Fighter Training Center,Tucson ,85745,Arizona,[520] 9559243,,,school,
Malmo Martial Arts,"P.O. Box 654, Bentonville ",72712,Arkansas,[479] 6404455,,,school,
Conway Karate Jujitsu Escrima,Conway ,72127,Arkansas,[501] 3545843,,,school,Escrima
HAMA/Sanano Arnis Trecehampas,"1002 E. Main St., Cabot ",72023,Arkansas,[501] 6061722,,,school,
PTK Arkansas,Fort Smith ,72903,Arkansas,,,,school,
American Karate Academy (Latosa Escrima),"424 Moore Lane, Healdsburg ",,California,[707] 4334717,,,school,Escrima
Atillo Balintawak,"38550 Florence St., Beaumont ",92223,California,[909] 3636435,,,school,
BabaoArnis Academy,"1143 Antoine Dr., San Diego ",92139,California,,,,school,
Backyard BrotherhoodUna Sa Laban,Salinas ,93906,California,[417] 2523441,,,school,
Bahala Na MultiStyle ,"Filipino Plaza 6 West Main St., Stockton",,California,[209] 9818084,,,school,
Bais Tres Manos (KalisSilatKuntaw) ,"12 Panaroma Dr. AptD, Vallejo ",94589,California,[925] 4516728,,,school,Kali
Balintawak Arnis Academy,"Bayanihan Center, Seafood Plaza, 3495 Sonoma `Blvd, Vallejo ",94589,California,[707] 3424448,,,school,Arnis
Bandalan Doce Pares,"6081 Killarney Ave., Garden Grove ",92845,California,[714] 8925271 / [714] 8988497,,,school,
B.A.S.H. Combatives Fitmess,"2934 N. Beverly Glen Circle #270, Los Angeles ",90077,California,[310] 8502515,,,school,
Bay Area Serrada Escrima,"P.O. Box 21716, El Sobrante ",94820,California,[510] 2220332,,,school,Escrima
BlaysHalla Battle Academy,Orange,,California,,,,school,
Cabales Serrada Escrima,"136 E Harding Way, Stockton ",95207,California,[209] 5982384,,,school,Escrima
Capital Doce Pares,"2197 Chase Drive Bldg. #2, Rancho Cordova ",95670,California,[916] 8635278,,,school,
Cardenas School of Modern Arnis/Arnis de Mano,"2605 Hoover Ave., National City ",91950,California,[619] 3391418,,,school,Arnis
Center for Practical Self Defense (Combat Jujutsu and Filipino Fighting Methodology),"Riverside, California",,California,[909] 2343015,,,school,
Combative Martial Arts Systems,"1670 West 162nd St., Gardena ",90247,California,,,,school,
Dakip Diwa Martial Arts,Antioch 94509,,California,[925] 8487389,,,school,
Decuerdas Self Defense Organization,"960 Shortland Circle, Manteca ",95337,California,[209] 6087826,,,school,
Delta One Martial Arts (Senkotiros),"3385 Deer Valley Road, Antioch ",94531,California,[925] 7531167,,,school,
Doce Pares,"2391 Cashaw Way, Sacramento ",95834,California,[916] 2481802 ,,,school,
Doce Pares Sacramento,"65 Quint Ct. Suite J, Sacramento ",95823,California,[916] 3750745,,,school,
Dublin Martial Arts Academy,Dublin ,94568,California,[925] 2360076,,,school,
ESKABO Da'an,"1475 Polk St #11, San Francisco ",94109,California,[415] 6744388,,,school,
Filipino Martial Arts Academy (Doce Pares),"120 Main Ave. Suite C., Sacramento ",95838,California,[916] 8038157,,,school,
Filipino Martial Arts Academy (Doce Pares),"120 Main Ave. Suite C., Sacramento ",95838,California,[916] 8038157,,,school,
Filipino Martial Arts Academy,"3901 A Pell Circle, Sacramento ",95834,California,,,,school,
Filipino Tactical Systems,"Mente Linda Loop Park, Milpitas ",95035,California,[909] 4388045,,,school,
|FILKOMA (Filipino Kombat Martial Arts) ,"833 Brisbane St., Hemet ",92545,California,[858] 4515425,,,school,
Gajo Martial Arts,"10890B Thornmint Rd., San Diego ",92127,California,[805] 3768292,,,school,
Gonzalez Martial Arts Academy,"1143 W. Fremont St, Stockton ",95203,California,[209] 369 2747,,,school,
ILMA/Sanano Arnis Trecehampas,"4681 Mission St., San Frnacisco ",94112,California,,,,school,Arnis
IMB Academy Inc.,"22109 South Vermont Ave., Torrance ",90502,California,[310] 7878793,,,school,
Inayan Eskrima Academy,"1350 South Park Victoria, Milpitas/San Jose ",95132,California,[408] 7124244,,,school,Eskrima
Inayan Systems International,"PO Box 2112, Paradise, CA. ",95967,California,,,,school,
International Eskrima Serrada Association,"San Francisco, Oakland, Los Angeles ",,California,[888] 2215462,,,school,Eskrima
Island Warriors Balintawak Arnis,"4380 Sonoma Blvd., Vallejo ",94589,California,[707] 4771159,,,school,Arnis
Jedokan Martial Arts,"9412 Irondale Ave., Chatsworth ",91311,California,[818] 6455240,,,school,
JKD Self Defense Academy,"1931 Old Middlefield Way, Mountain View ",94043,California,[408] 3730204,,,school,
KaJuKenBo Self Defense Institute of Vallejo,"974 Benicia Rd, Vallejo ",94591,California,,,,school,
Kali Method ,1330 N. Monte Vista Ave #2 ,91786,California,[909] 5758809,,,school,
KATA Tapado Filipino Long Stick Fighting,"Curtis Park, Sacramento ",95864,California,[916] 718 7639,,,school,
Kenshin Kai,"6070 Livingston Ln., Placerville ",95667,California,[808] 5545445,,,school,
Lameco Eskrima,,,California,[818] 3570440,,,school,Eskrima
Latosa Weapons System (Latosa Escrima),"PO Box 651, Windsor ",95492,California,[707] 8430640,,,school,Eskrima
Liahona Warrior Arts International,"6100 Tremain Dr, Citrus Heights ",95621,California,[916] 7473694 ,,,school,
Los Angeles Doce Pares ,Los Angeles ,90031,California,,,,school,
Magda Institute of Martial Arts,"7255 Canby Ave., Reseda ",91335,California,[818] 3422455,,,school,
Manglinong Martial Arts,"PO Box 8251, South Lake Tahoe ",96158,California,,,,school,
Martial Arts Training Club,Sacramento ,95824,California,[916] 4219428,,,school,
Marin Self Defense Solutions,"555 Francisco Blvd E, Unit 12, San Rafael ",94901,California,[415] 7554318,,,school,
Mata sa Bagyo,Stockton,,California,[209] 9920832,,,school,
Mikita School of Martial Art,"12908 West Washington Blvd., Los Angeles ",90066,California,[310] 7545517,,,school,
MiraRada Escrima,"1163 East March Lane, Suite D363, Stockton ",95210,California,[209] 4053189,,,school,Escrima
Modern Arnis Remy Presas International Organization (MARPIO),"1169 Market St. Suite 249, San Francisco ",94103,California,[415] 7030434,,,school,Arnis
Mt. Diablo Hwa Rang Kwan/Isidro Modern Arnis,"3105 Willow Pass Rd., Baypoint ",94565,California,[925] 4581254,,,school,Arnis
Nor Cal Kabaroan (W.O.R. Ministries),"4383 Oxwood Dr., Sacramento ",95826,California,[916] 8027096,,,school,
Oakland Eskrima Club,"4770 San Pablo Ave., Emeryville ",94608,California,[510] 3938928,,,school,
Ohana Kenpo Karate & Bandalan Doce Pares (Bandalan Doce Pares Headquarters),"402 3rd St., San Juan Bautista ",95045,California,[408] 3100101,,,school,
Original Giron Escrima Federation,Vallejo ,94591,California,[707] 8532477,,,school,Escrima
Pakamut Flex Services Inc.,"PO Box 65552, Los Angeles ",90065,California,[323] 3508500,,,school,
 Pakamut Eagle Rock Los Angeles,"1840 Yosemite Dr, Los Angeles ",90041,California, ,,,school,
P.A.M.A.,"P.O. Box 610277, San Jose ",95161,California,[408] 9463200,,,school,
Pekiti Tirsia Kali,"2295 Lincoln Ave, San Jose ",95125,California,[949] 922 – 5583,,,school,Kali
 729 Matoza Ln.,San Leandro ,94577,California, [510] 2067156,,,school,
Phelan Self Defense,"4647 Jackson Ln, Phelan ",93372,California,[760] 8690840,,,school,
PMAA (Hayward Martial Arts),"1024 B St. Suite 1, Hayward ",94541,California,[925] 8647477,,,school,
PTKSMF Los Angeles,Los Angeles,,California,[323] 4128556,,,school,
PTKSMF Peninsula,"230 De Anza Blvd., San Mateo ",94402,California,[415] 9396346,,,school,
Pulahan Derobio Eskrima,"821 Kuhn Drive, Suite 106, Chula Vista ",91914,California,[619] 8851571,,,school,
San Diego Doce Pares,San Diego,,California,,,,school,
Senkotiros,"13752 Doolittle Drive, San Leandro ",94578,California,[510] 4836560,,,school,
,3385 Deer Valley Rd. Antioch ,94509,California,[925] 7531167,,,school,
,"628 4th Street, Davis ",95616,California,[530] 7585431,,,school,
,"31600 Alvarado Blvd., Union City ",94587,California,,,,school,
Serrada Escrima ,"P.O. Box 268, French Camp ",95231,California,[209] 2342188,,,school,Escrima
SikaranArnis Academy,"Sikaran Bldg. 1122 High St., Delano ",93215,California,[661] 7209175,,,school,
Solve et Coagula,"13428 Maxella Ave # 192, Marina Del Rey ",90292,California,[310] 9029673,,,school,
South Bay Filipino,"19751 South Figuroa Ave., Carson ",90745,California,[310] 9611266,,,school,
Spirit of Filipino Martial Arts,"833 Brisbane St., Hemet ",92545,California,[909] 4388045,,,school,
Sudlud Eskrima,San Jose ,95117,California,[408] 8665127,,,school,Eskrima
Tae Kali Do,"1661 Pacific Ave. #18, Oxnard ",93033,California,[805] 2562032,,,school,Kali
Toma's Modern Arnis,"4404 West Victory Blvd., Burbank ",91505,California,[818] 8434984,,,school,Arnis
Trampilla Arnis,1551 W. 13th St. Upland,,California,[909] 2648136,,,school,Arnis
Typhoon Martial Arts,"4120 Franklin Blvd, Sacramento ",95820,California,[916] 4555155,,,school,
Upakan BaraBara Martial Arts Academy,"Fremont, ",94536,California,[510] 8285108,,,school,
Urban Defense Tactics,"San Jose, San Jose ",95148,California,[408] 7537539,,,school,
Wan Chuan Do Kali Association,"PO Box 1293, Magalia ",95954,California,,,,school,Kali
Warriors of Visayas Ordiniza Filipino Martial Arts,"2910 Southside Rd., Hollister ",95023,California,[831] 524295,,,school,
Waterford Martial Arts Center,"304 F St. Suite C., Waterford ",95386,California,[209] 4092462,,,school,
White Tiger Martial Arts Academy,"9525 N. Sommerville Dr. #111, Fresno ",93720,California,[559] 4331200,,,school,
Williams Home of Escrima,Tracy ,95304,California,[209] 8352546,,,school,Escrima
World Eskrido Federation,"5917 Los Molinos Dr., Buena Park ",90620,California,[714] 9283371,,,school,Escrima
Colorado Bahad Zu'bu Eskrima/Kali/Arnis,"14401 E.Bayaud Ave Unit E., Aurora",80011,Colorado,[303] 5478665,,,school,Eskrima / Kali / Arnis
Colorado Chinese & Filipino Martial Arts,"21235 E. Grand Dr., Centennial ",80015,Colorado,[303] 2047008,,,school,
Defense Institute School of SelfDefense,"845 South Circle Dr., Colorado Springs ",80910,Colorado,[719] 6308373,,,school,
Denver Academy of Martial Arts,"4401 S. Tamarac Pkwy, Denver ",80247,Colorado,[303] 7589383 ,,,school,
Kapatiran Mandirigma Colorado ,"4103 S. Mason, Ft. Collins ",80525,Colorado,,,,school,
Martial works,Boulder ,80304,Colorado,[720] 933 6011,,,school,
Nubreed Kali Silat,"935 Sheridan Blvd. #34, Lakewood ",80214,Colorado,[720] 6286803,,,school,Kali
Rocky Mountain Kali Group,Colorado Springs ,80903,Colorado,[719] 3046764,,,school,
Tabimina Balintawak Denver/Central US Chapter," Central Park, Stapleton,Denver ",80238,Colorado,[850] 6355334,,,school,
Becker Wing Chun Kune Tao (Kali Silat Sina Tirsia Wali)," 346 Main St.,Danbury ",6810,Connecticut,[203] 7912116,,,school,Kali
 346 Main St.Danbury 06810,,,,,,,,
Connecticut Modern Arnis Jujitsu,"871F Newfield St., Middletown ",6457,Connecticut,[860] 6328188,,,school,Arnis
Cromwell Martial Arts,"871F Newfield St., Middletown ",6457,Connecticut,[860] 6328188,,,school,
Lion Survival Defense System,"194 Bridgeport Ave., Milford ",6460,Connecticut,[203] 5573312,,,school,
Practical Self Defense Training Center,"2148 South Main St., Waterbury ",5706,Connecticut,[203] 5969073,,,school,
Stamford Center for Martial Arts,"100 Research Dr., Stamford ",6906,Connecticut,[203] 5709040,,,school,
Swift Waters MMA,"25 Meadow St., Willimantic ",6226,Connecticut,[860] 3197238,,,school,
Dauntless Practical Martial Arts,"250 Stadium Street, Suite 100, Smyrna 19977644 Plaza Drive, Newark ",19702,Delaware,[302] 7433115,,,school,
Sachetti's Martial Arts," Four Seasons Plaza, Rt. 896, Newark 19702",,Delaware,[302] 2243057,,,school,
Arnis Karate,"1479 Belcher Rd. S, Largo, Florida",,Florida,[727] 5353574,,,school,Arnis
Authentic Jeet Kune Do Academy,"6635 M.L.K. st. N., Saint Petersburg ",33702,Florida,[727] 5772108,,,school,
Central Florida Martial Art Academy,"8319 SW 61st Place, Gainesville ",32608,Florida,[352] 3288526,,,school,
Cross Martial Arts Training,"12780 51st Court North, West Palm Beach ",33411,Florida,[561] 5129707,,,school,
CSSD Conceptual Tactical Arnis Presas Arnis,"3665 East Bay Dr. Suite 204233, Largo ",33771,Florida,[727] 3190550,,,school,Arnis
East Coast School of Self Defense,"21000 Boca Rio Rd., A20, Boca Raton ",33433,Florida,[561] 2185755,,,school,
Filipine Triad Arts Synthesis,"2129 N.E. 4th Ave., Cape Coral ",33909,Florida,[239] 6991993,,,school,
Filipino Combat Systems Headquarters,"812 N. Howard Ave., Tampa ",33606,Florida,,,,school,
Orlando,"4609 W. Ponkan Rd., Apopka ",32712,Florida,,,,school,
Tampa 33606,,,Florida,,,,school,
Filipino Kali Academy,"7352 West Atlantic Blvd., Margate ",33063,Florida,[954] 9730222,,,school,Kali
Filipino Kali Academy,2293 NE 164th St. North Miami Beach ,33160,Florida,[305] 9441114,,,school,Kali
Garimot Arnis Training (G.A.T ),"852 Saxon Blvd Suite 30, Orange City",,Florida,[352] 3018229,,,school,Arnis
Haastyle Martial Arts Academy,"21000 Boca Rio Rd. Suite A20, Boca Raton ",33433,Florida,[561] 2185755,,,school,
Hybrid Martial Arts Academy,"12105 SW 129th Court #103, Miami .",33186,Florida,[786] 3856424,,,school,
Kombat Arts Institute ,"133 Flagship Dr., Lutz ",33549,Florida,[813] 2791940,,,school,
Luzviminda Arnis Kali Brotherhood,"5949 Caroline Dr., Wesley Chapel ",33544,Florida,[813] 9731620,,,school,Arnis / Kali
Miami STICKFIGHTER Club,"Varied Public Parks, Cutler Bay and Homestead (SW MiamiDade)",,Florida, ,,,school,
Majapai Derobio Arnis 63 Generals,"1897 Island Walk Way, Fernandina Beach ",32034,Florida,[904] 4151733,,,school,Arnis
Miami Arnis Group,"909 Alton Rd., Miami Beach ",33139,Florida,[305] 3010294,,,school,Arnis
Orlando Balintawak Club,"317 E Washington St Unit D., Minneola ",34715,Florida,[850] 3251111,,,school,
P. A. E. T. E. (Garimot System USA),"1240 NW 92 Ave., Pembroke Pines ",33024,Florida,[954] 4324433,,,school,
Pambuan Arnis of Sarasota,"2203 Pinehurst St., Sarasota ",34231,Florida,[941] 7806013,,,school,Arnis
Philippine Martial Art Society,"Box 210642, Royal Palm Beach ",33421,Florida,[561] 6979162,,,school,
Shin Wellness,"4500 Biscayne Blvd., Suite 202, Miami ",33137,Florida,[305] 5719090,,,school,
Smileys Combat Athletix,"3600 Peoria Road #202/203, Orange Park ",32065,Florida,[904] 6447571,,,school,
Tabimina Balintawak,"South East, Santa Rosa Beach ",32459,Florida,[850] 6355334,,,school,
Tampa Kali,"5705 N. Nebraska Ave., Tampa and St. Petersburg ",33604,Florida,[813] 4548743,,,school,Kali
Traditional Martial Arts,"2220 Hempel Ave., Gotha ",34734,Florida,[407] 2908049,,,school,
Unified Martial Art Academy,"12580 SW 88th St., Miami ",33186,Florida,[305] 5952892,,,school,
Warrior Arts Academy,"11764 Marco Beach Drive # 2, Jacksonville ",32224,Florida,[904] 6457000,,,school,
World Kali Silat Society,"3950 Ironwood Cr., Bradenton ",34209,Florida,[917] 5355254,,,school,Kali
Yaro's Arnis Karate,"1240 S.Highland Ave., Clearwater ",33756,Florida,[727] 6413843,,,school,Arnis
AKJ Karate,"3565 GA HWY 20 South, Suite B, Conyers ",30013,Georgia,[770] 8609304,,,school,
American Karate Productions,"2241 Idlewood Road, Tucker ",30084,Georgia,[770] 4938970,,,school,
Atlanta Filipino Martial Arts,"1284 West Spring Street, Smyrna ",30080,Georgia,[770] 3198662,,,school,
Atlanta Martial Arts Club,Roswell ,30076,Georgia,[770] 873 2234,,,club,
Battlefield Kali,"4348 Waialae Avenue # 128, Honolulu ",96816,Georgia,,,,school,Kali
Fayette Academy of Martial Arts,"931 Glynn St., Fayetteville ",30214,Georgia,,,,school,
Battlefield Kali,"4348 Waialae Avenue # 128, Honolulu ",96816,Hawaii,[808] 8641620,,,school,
Bandalan Doce Pares,Honolulu,,Hawaii,[808] 8641620 ,,,school,
Delmar School Fil/Mar/Arts,"87126 Kulahanai PL., Waianae ",96792,Hawaii,[808] 2242551,,,school,
Fonseca KenpoJujitsu,"911081 Kahalepouli St., Kapolei ",96707,Hawaii,[808] 7232792,,,school,
General Ablen's School of Derobio Escrima,"1519 Kalaepa'a Dr., Honolulu ",96817,Hawaii,[808] 6209056,,,school,Escrima
Integrated Training Concepts,"P.O. Box 12104, Lahaina ",96761,Hawaii,[808] 7813302,,,school,
Ola'aNalo Eskrima,"Old Stadium Park, Honolulu",,Hawaii,[808] 2645212,,,school,Eskrima
Pacific Eskrima Academy (Tacosa Cadena Eskrima),"P.O. Box 2212 Kea'au, Hilo ",96749,Hawaii,,,,school,Eskrima
Pedoy's School of Escrima,"94529 Uke`e St. #103, Waipahu ",96797,Hawaii,[209] 3213586,,,school,Escrima
Molokai Martial Arts,"PO Box 1715, Kaunakakai ",96748,Hawaii,[808] 2163211,,,school,
The Fighting Edge,Honolulu ,96818,Hawaii,[808] 3360936,,,school,
Idaho Heartland School of Eskrima & Self Defense,"31149 N. Hayden Dr., Spirit Lake ",,Idaho,,,,school,Escrima
Amalgam Martial Academy,"456 W. 75th St., Downers Grove ",60516,Illinois,[331] 7775236,,,school,
Balanced Dynamics Academy,"1300 East B St., #2, Belleville ",62221,Illinois,[618] 5308761,,,school,
Bandalan Doce Pares," 331 Tiverton Lane, Steger ",60475,Illinois,[708] 7567240,,,school,
DBFMA Modern Arnis,"605 E. Ogden Ave., Naperville ",60563,Illinois,[630] 4478286,,,school,Arnis
Defensive Combat Initiatives,"PO Box 29, Millstadt ",62260,Illinois,[618] 9793558,,,school,
Defensor Method Elgin,"1080 E, Chicago St., Elgin ",60120,Illinois,[847] 8737907,,,school,
Eagle & Dragon Martial Arts Academy,"2331a Old Collinsville Rd., Belleville ",62221,Illinois,[618] 2222888,,,school,
Elite Martial Arts & Fitness," 4001 Golf Rd., Skokie ",60076,Illinois,[847] 3290291,,,school,
Extreme Kung Fu/Wu Shu Training Center,"6525 N. Clark St., Chicago ",,Illinois,[773] 7196488,,,school,
Filipino Kali / Eskrima Academy of Chicago,"4357 N. Lincoln Ave., Chicago ",60618,Illinois,[847] 2393990,,,school,Kali / Eskrima
JKDConcepts/Kali/Silat of Bloomington,"602 S Main St, Bloomington ",61701,Illinois,[309] 3107626,,,school,Kali
Kali Combat Academy, Chicago ,60088,Illinois,[847] 9897847,,,school,
Kennedy's Martial Arts Academy,"1199 Biesterfield Road, Elk Grove Village ",60007,Illinois,[847] 8918731,,,school,
Midway Kodenkan,"5159 Archer Ave., Chicago ",60632,Illinois,[773] 2848818,,,school,
RFA Martial Academy,"1212 Capitol Dr., Addison ",60101,Illinois,[224] 6596984,,,school,
Temujin 2 (Lucaylucay Kali/JKD Association),"611 N Orchard, West Frankfort ",62896,Illinois,[618] 8890647,,,school,Kali
World Martial Arts Academy USA,"316 Anderson Blvd., Geneva ",60134,Illinois,[630] 4020033,,,school,
Xtreme Training Academy,1292 Humbracht Circle Unit E.. Bartlett ,60103,Illinois,[630] 7800054,,,school,
Indy Arnis Club,"7141 Southeastern Ave., Indianapolis ",46239,Indiana,,,,school,Arnis
Midwest Martial Arts Group,"3104 Eads St., Davenport ",52802,Iowa,[563] 4997561,,,school,
Academy of Martial Arts,"401 N. Madison St., Spring Hill ",66083,Kansas,[913] 6081515,,,school,
Malay Fighting Arts Academy,"856 East 167th Court, Gardner ",66030,Kansas,[913] 6264372,,,school,
AFS Academy of Martial Arts," 427 Big Hill Ave., Richmond ",40475,Kentucky,[859] 6238023,,,school,
Roninkan,Highgrove ,40013,Kentucky,,,,school,
Tactical Combative Kali,,40475,Kentucky,[859] 6262476,,,school,Kali
USA Philippine Jendo Association," 702 Hickory Ridge Circle, Hopkinsville ",42240,Kentucky,[270] 3051869,,,school,
Progressive Martial Arts Training Center,"910 E. Main St., Suite 31, New Iberia ",70560,Louisiana,[337] 2011791,,,school,
Element of Surprise FMA,"22 Alvin Dr., Pineville ",71360,Louisiana,[318] 7304636,,,school,
Apolo's Karate (Pekiti Tirisa Kali System),"750 Maryland Route 3South, Gambrills ",21054,Maryland,[410] 9235222,,,school,
Black Tiger Martial Arts Academy,"6901 Security Blvd. # 2038, Windsor Mill ",21244,Maryland,[443] 5403672,,,school,
DC Kali,"916 G Street, NW., Washington",,Maryland,,,,school,
Gentle East Martial Arts,"8749 Flower Ave, Takoma , Silver Spring ",20910,Maryland,(301) 7688401,,,school,
Hebb Institute of Martial Arts,"Park Rd., Williamsport ",21795,Maryland,[301] 2237719,,,school,
Pekiti Tirsia Kali DC/MD/VA,"Benfield Sportscenter, 1031 Benfield Blvd., Millersville ",21108,Maryland,[443] 3029613,,,school,
Pinakatay Arnis Sigidas,"949 Bonifant Ave., Silver Spring ",20910,Maryland,[301] 7688401,,,school,Arnis
School Of Ahati,"11225 Oak Leaf Dr., Silver Spring ",20901,Maryland,[301] 5370028,,,school,
World Nickelstick Balintawak Escrima Maryland, Towson ,21286,Maryland,[443] 7630420,,,school,Escrima
YawYan Fervilleon Martial Arts US HQ,"601 Dover Rd, Suite 12, Rockville ",20850,Maryland,[855] 8929926,,,school,
AndersonKali,"44 South St. (American Legion, Post217), Plainville ",2762,Massachusetts,[508] 8380057,,,school,
Boston Arnis Club,Boston ,,Massachusetts,[603] 5293564,,,Club,Arnis
Methuen,,1844,Massachusetts,[978] 7716653,,,school,
Catanese Kajukenbo ETS method,"950 East Falmouth Highway, Falmouth ",2563,Massachusetts,[617] 7022220 ,,,school,
CSE Boston (Combat Serrada Escrima) ,"600 Columbia Rd., #26, Dorchester ",2125,Massachusetts,[617] 8690516,,,school,Escrima
Dragon Within Martial Arts,"26 Howley St., Peabody ",1970,Massachusetts,[978] 5318511,,,school,
Jou Fang Chuan Nine Anle Fist,"50 North Beacon St., Boston ",2134,Massachusetts,[617] 6809981 ,,,school,
Martial Arts Research Institute,"53 Mason St. Suite 201, Salem ",1970,Massachusetts,[978] 7770586,,,school,
Pence Self Defense,"226 Cambridge St., Burlington ",1803,Massachusetts,[877] 527 2838,,,school,
Phoenix Martial Arts of Massachusetts,"54 Sumner St., Milford ",1757,Massachusetts,[516] 3534923,,,school,
SEAFA," 375 Foundry St., Easton",,Massachusetts,[508] 8898414,,,school,
Universal Grapping Arts,Malden ,2148,Massachusetts,,,,school,
White Leopard Sikaran,"540 Main St., Athol ",1331,Massachusetts,[978] 2496328,,,school,
Attributive Martial Arts Inc.,"697 Princess Dr., Canton ",48188,Michigan,[734] 9811774,,,school,
Instinctive Response Training,"200 West Center, Alma ",48801,Michigan,[989] 5608004,,,school,
King Tiger Martial Arts School (Sina Tirsia Wali Kali/Silat), Detroit ,48030,Michigan,[248] 5445657,,,school,Kali
K.S.K. Martial Arts,"3712 Homewood, Lansing ",48910,Michigan,[517] 8539856,,,school,
Martial Arts Unlimited,"1060 West 14 Mile , Clawson, MI ",48017,Michigan,[248] 4354030,,,school,
Masters and Champions (Concepts in Motion),"6072 S. Saginaw St., Grand Blanc ",48439,Michigan,[810] 3483421,,,school,
Michigan Pekiti Tirsia Pitbulls,Detroit,,Michigan,[248] 9817495,,,school,
Michigan Modern Arnis (A MARPPIO School),"11860 Wheaton Dr., Sterling Heights ",48313,Michigan,[586] 7390497,,,school,Arnis
Progressive Kali Silat,"315 Larry Ln., Charlotte ",48813,Michigan,[517] 5412864,,,school,Kali
Pukulan Power Self Defense,"3330 W. Water St, Port Huron ",48060,Michigan,[810] 8410682,,,school,
Zen Modern Arnis,Warren ,48091,Michigan,[586] 4848407,,,school,Arnis
Bahad Zubu Midwest Chapter,"2913 Lyndale Ave. S., Minneapolis ",55408,Minnesota,[612] 5677727,,,school,
Innovative Fighting Arts," 87212 Oak Lake Rd South, Kerrick ",55756,Minnesota,[218] 4965890,,,school,
Minneapolis Kali Group,"532 Chicago Ave. S., Minneapolis ",55407,Minnesota,[612] 8216800,,,school,Kali
Minnesota Martial Arts Academy,"1916 57th Avenue North, Brooklyn Center ",55430,Minnesota,[763] 5605696,,,school,
Philippine Combat Arts,"4930 MN169, New Hope ",55428,Minnesota,[612] 3274002,,,school,
Warrior's Cove,"3004 Texas Ave., Saint Louis Park ",55426,Minnesota,[612] 9788959,,,school,
Backyard Brotherhood Una Sa Laban,"4044 state route DD, Willow Springs ",65793,Missouri,[417] 2523441,,,school,
Combat Zone ,"2331 N. Pierce, Springfield ",65803,Missouri,[417] 8316840,,,school,
Dexter's Martial Arts Training Center," 1310 Grand Ave., Columbia ",65203,Missouri,[573] 6900041,,,school,
Garimot Arnis Saint Louis ,"Willmore Park, Hampton and Jamieson Ave., St. Louis ",63109,Missouri,,,,school,Arnis
Saint Louis Counterpoint Martial Arts,"1072 Wolfrum Rd., St Charles ",63304,Missouri,,,,school,
Billings Chi Tu Do,"1807 Grand Ave., Billings ",59102,Montana,,,,school,
7th Direction School of Martial Arts / Treceham,"Box 216, Macy ",68039,Nevada,[402] 8465554,,,school,
CKI Jeet Kune Do & Filipino Combat Escrima International,"730 W. Sunset Blvd., Las Vegas",,Nevada,[702] 2343189,,,school,Escrima
Filipino Mixed Martial Arts,"4331 W. Charleston Blvd, Las Vegas ",89131,Nevada,[702] 8718883,,,school,
Integrating Kali Combative Concepts (IKCC),"Carson River Dr., Dayton ",89403,Nevada,[419] 9134522,,,school,Kali
Las Vegas Kung Fu Academy,"11165 S. Eastern Ave. Ste. 110, Henderson ",89052,Nevada,[702] 3361095,,,school,
Tribal Advantage Systems International,"3155 W. Post Rd., Las Vegas 89118",,Nevada,[702] 7853111,,,school,
Boston Arnis Club,"PO Box 171, Weare ",3281,New Hampshire,[603] 7593163,,,school,Arnis
Bujinkan Dojo,Manchester ,3101,New Hampshire,[603] 6683181,,,school,
Green Mountain Martial Arts (Latosa Escrima Dai Si Hing Dan Palow),"PO Box 806, Hanover",,New Hampshire,[802] 3339104,,,school,Escrima
Guy Chase Academy,"1660 Greenland Rd., Greenland ",3060,New Hampshire,[978] 8538513,,,school,
SEAFA,"11 Tallwood Dr., Bow ",3303,New Hampshire,[603] 4960504,,,school,
Terry Dow's Academy of Martial Arts,"18 South Commercial St., Manchester ",3101,New Hampshire,[603] 5916546,,,school,
Alex Wilkie's Martial Arts Academy,"783 E. Main St., Bldg. 30E, Bridgewater ",8807,New Jersey,[732] 7481580,,,school,
Amara Arkanis Filipino Martial Arts Education,"#5 Scott St., Riverside ",8075,New Jersey,[609] 4563589,,,school,
American Karate and Arnis Academy,"1703A Industrial Hwy., Cinnaminson ",8077,New Jersey,[856] 8294800,,,school,Arnis
Atienza Kali,Belleville,,New Jersey,[201] 4635151,,,school,Kali
Piscataway,,8854,New Jersey,[201] 8928015,,,school,
Institute of Defensive Methods,"451 1st St., Hoboken ",7030,New Jersey,[201] 6830104,,,school,
Kuntaw Kali Kruzada,"65 Chestnut St., Red Bank ",7701,New Jersey,[201] 6746609,,,school,Kali
97 Main St.,"97 Main St., Woodbridge ",7095,New Jersey,,,,school,
Modern Fighting Concepts Academy,"307 White Horse Pike, Absecon ",8201,New Jersey,[609] 6462113,,,school,
Pami Kol Street Survival Self Defense,"2234 West Bangs Avenue, Neptune ",7753,New Jersey,[848] 2182646,,,school,
PIMA Academy,"779 Bergen Avenue (Rm 111, 2nd Fl.) , Jersey City ",7306,New Jersey,[201] 4326441 / [201] 7925792,,,school,
Red Dragon Martial Arts Academy,"10 N.Arlington St., Manville ",8835,New Jersey,[908] 2530022,,,school,
South Jersey Tactical Fighting Arts,"1438 Backline Road, Folsom ",8037,New Jersey,[609] 2045733,,,school,
Fil Am Kali and Silat of New Mexico,Rio Rancho ,87124,New Jersey,,,,school,Kali
Klose Kombat Arts ,"10500 La Paz NW, Albuquerque ",87114,New Jersey,[505] 3794615,,,school,
Takai Mine Karate ,"1027 Juan Tabo NE, Albuquerque ",87111,New Jersey,[505] 2946302,,,school,
Amerasian Defensive Arts Inc.,"2512 Elmwood Ave., Buffalo ",14217,New Jersey,[716] 4912716,,,school,
Americas Finest Self Defense Academy,"976 Leggett Ave suite 1B, Bronx ",10455,New Jersey,[718] 7878699 ,,,school,
Anderson's Martial Arts,"394 Broadway, 3rd Floor, New York ",10013,New Jersey,[212] 766 – 6622,,,school,
Atienza Kali,New York,,New Jersey,[917] 5510603,,,school,Kali
Brentwood Self Defense Academy,"115 South 2nd Street, Suite #10, Brentwood ",11701,New Jersey,[631] 3989525,,,school,
Calla Karate and JuJutsu,"1293 Castleton Ave. (corner of clove rd.), Staten Islands ",10310,New Jersey,[718] 7202509 / [917] 4394969,,,school,
EBMAS NYC Latosa Escrima,"316 East 63rd St., New York ",10065,New Jersey,[855] 5532627,,,school,Escrima
Erie Community College (South Campus),"Principal Instructor/Adjunct Professor, 4041, Southwestern Blvd, Orchard Park ",14127,New Jersey,[716] 2702679,,,school,
FMA Academy,"2792 Erie Blvd E., Syracuse ",13224,New Jersey,[315] 313KALI (5254),,,school,
FMA Kali Arnis Eskrima International,"475 Onderdonk Ave., Ridgewood, New York ",11385,New Jersey,[347] 3856771,,,school,Kali / Arnis / Eskrima
Horizon Martial Arts," 252 Center Rd., West Seneca ",14224,New Jersey,[716] 6750899,,,school,
Kapatiran Mandirigma NYC,New York ,10003,New Jersey,,,,school,
Kapatid Martial Arts Academy,"175 Tompkins Ave., Pleasantville ",10570,New Jersey,[914] 7415550,,,school,
Klasi Kali 306 Gold St,New York ,10003,New Jersey,,,,school,Kali
Kuntaw Kali Kruzada,"122 West 27th St. (2nd Flr.) (Between 6th & 7th Ave.), New York ",10001,New Jersey,[201] 6746609,,,school,Kali
Kuntaw Martial Arts (Kuntaw New York),"753 Flatbush Ave 2nd FL, Brooklyn ",11226,New Jersey,[347] 5850088,,,school,
Kwikstik Martial Arts,Jamaica ,11432,New Jersey,[718] 7393266,,,school,
Latosa Escrima at Fighthouse,"122 West 27 St. 2nd Floor , New York",10001,New Jersey,[646] 3697704,,,school,Escrima
Latosa Escrima NY,"316 7th St. (Corner of 5th Avenue 2nd Fl.), Brooklyn, (Park Slope) ",11215,New Jersey,[646] 3697704,,,school,Escrima
Modern Arnis Domog,"188 East 3rd. St. (Between Ave. A & B), New York ",10009,New Jersey,[212] 6143250,,,school,Arnis
Modern Fighting Arts Academy,"509 Hicksville Rd., Massapequa ",11758,New Jersey,[516] 8174374,,,school,
Neo Tribe Kali,"122 West 27th Street, 2nd Floor, New York ",10001,New Jersey,[347] 2569291,,,school,Kali
New York Eskrima LLC,New York,,New Jersey,[646] 2101542,,,school,Eskrima
Northeastern Martial Arts Institute,"Chili Paul Plaza, 3240 Chili Ave., Rochester ",14624,New Jersey,[585] 8897330,,,school,
Nubreed Martial Arts Academy,"1248 Clintonville St., Whitestone ",11357,New Jersey,[718] 7472550,,,school,
Olaanalo Eskrima New York,"3 Elm St,, Walden ",12586,New Jersey,[845] 7784402,,,school,Eskrima
Pananandata Marinas 2 Worlds Dance + Fitness,"340 Wheatley Plaza, Greenvale ",11548,New Jersey,[516] 4846604,,,school,
Phoenix Martial Arts,"344 Jericho Turnpike, Floral Park ",11001,New Jersey,,,,school,
Rochester kali,Rochester ,14617,New Jersey,[585] 752 7827,,,school,kali
Progressive Martial Arts,"17525 Horace Harding Expy, Fresh Meadows ",11365,New Jersey,[718] 4610700,,,school,
Rising Phoenix Martial Arts,"Temple Hill Rd., New Windsor ",12553,New Jersey,[845] 7844359,,,school,
Rochester Kali,Rochester ,14617,New Jersey,[585] 752 7827,,,school,Kali
San Miguel Eskrima,"226 Laurel Road, East Northport ",11731,New Jersey,[631] 7487671,,,school,Eskrima
Sirat As Sayf MMA/FMA & Fitness Center,"13501 Liberty Ave., Richmond Hill ",11419,New Jersey,[646] 3977417,,,school,
Tactics Martial Arts Studio,"1315 Hempstead Turnpike, Elmont ",11003,New Jersey,[559] 6975633,,,school,
Tom Gallo Tactics Life Health & Fitness Club,"3711 35 Ave., Astoria ",11101,New Jersey,[559] 6975633,,,school,
Vee Arnis Jitsu School of Self Defense,"25 Park Place, 2nd Floor, New York ",10007,New Jersey,,,,school,Arnis
Vee Do Kwan U.S.A.,"3944 24 St., Long Island City ",11101,New Jersey,[718] 3619569,,,school,
Westchester Martial Arts Academy,"3 Sunnyside Terrace, Eastchester ",10709,New Jersey,[914] 9611800,,,school,
Westchester School of Arnis,White Plains,,New Jersey,,,,school,Arnis
Wing Chun Kali,Westchester County ,10710,New Jersey,[646] 6451141,,,school,Kali
World Kali Silat Society,"432 East 14 St. Box 638, New York ",10009,New Jersey,[212] 9791646,,,school,Kali
W.S.B.P. Eastern U.S. Chapter," 5291 Seneca Point Rd., Canandaigua ",14424,New Jersey,[585] 8203172,,,school,
Counterpoint Tactical System,"182 Broadview Circle, Mooresville ",28117,North Carolina,[650] 2699726,,,school,
Fighting Edge,Fort Bragg ,28310,North Carolina,,,,school,
Kuntaw Palace,"122 S. Goldsboro St., Wilson ",27893,North Carolina,[252] 2067900,,,school,
Pami Kol Street Survival Self Defense,"1612 Camden Rd. [Massey Hill Rec. Ctr], Fayetteville ",28306,North Carolina,[910] 4331569,,,school,
Stover's Martial Arts Academy,"3722 Carolina Beach Rd., Wilmington ",28412,North Carolina,[910] 7921762,,,school,
Sanano Karate Club / Trecehampas,"Box 386, North Dakota ",58530,North Dakota,[701] 7943399,,,school,
Academy of Filipino Martial Arts,"90 North Diamond St., Mansfield ",44906,Ohio,[419] 5572416,,,school,
Bob Yoder's Kung Fu and Kickboxing Academy,"2048 Sondra Ln., Grove City ",43123,Ohio,[614] 6495971,,,school,
Cincinnati Jeet Kune Do,"5116 CrookShank Rd., Cincinnati ",45238,Ohio,[513] 3647300,,,school,
Diversified Combat Arts and Sciences [Hikazelearningcorner],Wooster,,Ohio,,,,school,
HAMA Martial Arts,Parma,,Ohio,[440] 6223684,,,school,
MAKTAN Filipino Martial Arts,"6875 Fountain Blvd. Suite K, Cincinnati ",45069,Ohio,[513] 2189042,,,school,
Philippine Martial Arts Institute,"12613 State Rd, North Royalton ",44133,Ohio,[440] 2374138,,,school,
38131 Airport Parkway,"Unit 203, Willoughby, OH. ",44094,Ohio,[440] 2417450,,,school,
Serrada Eskrido Academy,"315 Kendal Ct. East, Amherst ",44001,Ohio,[440] 6106600,,,school,Eskrima
TAMA Martial Arts,"1753 Woodman Dr., Kettering ",45420,Ohio,[937] 2547035,,,school,
Adams Muay Thai Kali Academy,"6703 E. 81st. ST. Unit H, Tulsa ",74133,Oklahoma,[918] 4880707,,,school,Kali
MDT Martial Arts,Oklahoma City,,Oklahoma,[405] 4208135,,,school,
Silent Warrior Arts,"8300 Glade Ave., Oklahoma City ",73132,Oklahoma,[405] 6265171,,,school,
Tulsa Martial Arts,"5123 S. 110th East Ave., Tulsa ",74146,Oklahoma,[918] 2610160,,,school,
A.P.I. International Combat Arts ,"12239 SE Stark St., Portland ",97233,Oregon,[503] 2874265,,,school,
Dan Anderson Karate School and Modern Arnis,"311 NE Roberts St., Gresham ",97030,Oregon,[503] 6658596,,,school,Arnis
Ernie Reyes' World Martial Arts," 3075 SW 234th Ave Suite 103, Hillsboro ",97123,Oregon,[503] 6421500,,,school,
Escrima Arnis Kali San Soo Oregon,"P.O. Box 3412, Ashland ",97520,Oregon,,,,school,Escrima / Arnis / Kali
Eskabo Da’an,"5040 SE Milwaukie Ave., Portland ",97215,Oregon,[503] 3819145,,,school,
Kombatan Martial Arts Academy,"15875 SE 114 Ave. Suite O, Clackamas ",97015,Oregon,[503] 6573408,,,school,
Makoa Combatives Group,"3137 SW Primrose street #8, Portland ",97219,Oregon,[971] 5064610,,,school,
Northwest Fighting Arts,"1200 SE Morrison, Portland ",97214,Oregon,[503] 7402666,,,school,
Taodragon Martial Arts,"PO Box 11157, Eugene ",97440,Oregon,[541] 6831271,,,school,
Cebu West,"Unity and Sutton Ave., Folsom ",19033,Pennsylvania,[610] 3069308,,,school,
Kiski Martial Arts,"1155 Wildlife Lodge Rd, Lower Burrell ",15068,Pennsylvania,[724] 3345868,,,school,
Kuntao Martial Arts Club,"Franklin Commons, 400 Franklin Ave. Suite 245, Phoenixville ",19460,Pennsylvania,[610] 2373902 ext. 803,,,school,
Lathen Martial Arts," 257 West Riverview Ave., Pittsburgh ",15202,Pennsylvania,[412] 7345254 (kali),,,school,
Pennsylvania Pinakatay Arnis,"Forest Hills, Pittsburgh ",15221,Pennsylvania,[412]7797738,,,school,Arnis
PTKPA 342 Pottstown Pike,Exton ,19341,Pennsylvania,[610] 6399041,,,school,
Ryer Martial Arts Academy,"5440 Centre Ave., Pittsburgh ",15232,Pennsylvania,[412] 6217937,,,school,
Senkotiros,"499 Spruce St., St Marys, PA ",15857,Pennsylvania,(814) 5125001,,,school,
State College Martial Arts Academy,"412 W. College Ave., State College ",16801,Pennsylvania,[814] 2351015,,,school,
Three Rivers Eskrima Concepts,"529 8th St., Ambridge ",15003,Pennsylvania,[724] 6501019,,,school,Eskrima
TriState Martial Arts Academy,"670 Woodbourne, Rd. Suite 300, Langhorne ",19047,Pennsylvania,[215] 7417041,,,school,
Warren School of Self Defense,"200 Liberty St., Warren ",16365,Pennsylvania,[814] 6889707,,,school,
Filipino Combative Arts Academy,"33 Shadey lea Rd., North Kingston ",2852,Rhode Island,,,,school,
Filipino Combative Arts Academy,"33 Shadey lea Rd., North Kingston ",2852,South Carolina,[843] 4973691,,,school,
Ocean Martial Arts Academy,"407 79th Ave, N., Myrtle Beach ",29572,South Dakota,[605] 3482639,,,school,
Sanano Karate Club,"1019 Farlow Ave., Rapid City 57701",889,Tennessee,[423] 3336132,,,school,
Inayan Martial Arts Academy,"30050 Axley Chapel, Greenback ",37742,Tennessee,,,,school,
Academy of Modern Martial Arts,"2501 Texas Ave., College Station",,Texas,[979] 2554311,,,school,
Carrollton Martial Arts,"3733 N. Josey Ln., #108B, Carrollton ",75007,Texas,[972] 3952589,,,school,
Cedar Hill Martial Arts Center,"310 E. Parkerville Rd., Cedar Hill ",75104,Texas,[972] 2932504,,,school,
Central Texas Academy of Martial Arts," 1304 West Hopkings, San Marcos ",78666,Texas,[512] 3931360,,,school,
Crows Martial Arts Academy,"2132 College Ave. Suite 600, Carrollton ",75006,Texas,[972] 4460024,,,school,
DAMAGINC Kali Combatives,Houston ,77377,Texas,,,,school,
Fighting Method University,"4840 Hwy 377 South, Fort Worth ",76108,Texas,[817] 9388888,,,school,
Filipino American School of Combat Arts,"10304 Dyer St., El Paso ",79924,Texas,[915] 8219310,,,school,
Garland Martial Arts Center ,"2510 Crosslands Dr., Garland ",75040,Texas,(214) 7976202,,,school,
Hidden Sword Martial Arts,"501 Roanoke Rd (Roanoke Recreation Center), Roanoke ",76262,Texas,[682] 5647078,,,school,
Houston Martial Arts Academy,"(inside the Downtown Club at Houston Center), Houston ",77010,Texas,[713] 5506575,,,school,
Imua Tamaraw Escrima Kuntaw,"2324 Goilad Rd., San Antonio ",78223,Texas,[210] 3179463,,,school,Escrima
K3Lightning' (LSAI/LESKAS),Richmond ,77469,Texas,,,,school,
Kali San Antonio,San Antonio,,Texas,[210] 7970149 ,,,school,Kali
Kali Silat Combat Science ,"104 Eagle Ave., Sheppard AFB ",76311,Texas,[940] 6424112 ,,,school,Kali
Mano De Guerra Escrima ,"1150 D. Richardine, Austin ",78721,Texas,[512] 902 1228 / [512] 926 7 050,,,school,
Mid Cities Arnis,"NRH Centre, 6000 Hawk Ave., North Richland Hills ",76182,Texas,[682] 2077523,,,school,Arnis
Mousel's Self Defense Academy," 747 N. Shepherd, Suite 400, Houston ",77007,Texas,,,,school,
PKA: Philippine Kali Association (Katipunan),"642 W. University Ave 152, Denton ",76201,Texas,[940] 4530030,,,school,Kali
Plano Self Defense,"1947 Ave K. Suite 200, Plano ",75075,Texas,[972] 6333773 ,,,school,
Practical Defensive Tactics,"512 W. Broadway, Sweetwater ",79556,Texas,[325] 7253188 ,,,school,
Reid's Martial Arts Academy,"1434 N. Central Expressway Suite 109, McKinney ",75070,Texas,[972] 5482467,,,school,
Serrada Escrima of San Antonio,"San Pedro Park, San Antonio ",78201,Texas,,,,school,Escrima
Siete Pares Escrima,San Antonio,,Texas,[210] 3671877,,,school,Escrima
U.S. Karate Systems,"505 W University Ave, Suite E, Georgetown ",78626,Texas,[512] 8692615,,,school,
Warrior's Way Martial Arts Academy,"4020 Rhea Rd Ste 7c, Wichita Falls ",76308,Texas,[940] 6961254,,,school,
Wu Hsin Kuen Academy of Martial Arts,"3909 W. Airport Freeway #200, Irving",,Texas,[972] 7682721,,,school,
Cielo y Tierra Arnis de Mano ,"2023 Candlelight Dr., Chesapeake ",23325,Virginia,[757] 424 7634,,,school,Arnis
Complete Fitness Concepts,"4425 Brookfiled Corp. Dr., Chantilly ",20151,Virginia,[703] 2838826,,,school,
Eastern Academy of Mixed Martial Arts,"3900 Bonney Road Suite 213, Virginia Beach ",23452,Virginia,[757] 4865200,,,school,
Filipino Fighting Arts Academy,"5347 Lila Lane, Suite 110, Virginia Beach ",23464,Virginia,[757] 4247005,,,school,
Impact Athletes Martial Arts Academy,"2421 Bowland Parkway, Suite 103, Virginia Beach ",23454,Virginia,[757] 6311003,,,school,
Muhammad's Boxing and Martial Arts," 10208/Kings Highway, King George ",22485,Virginia,[540] 7757555,,,school,
NoVa Modern Arnis,"8717 Trafalgar Ct., Springfield ",22151,Virginia,[571] 2399930,,,school,Arnis
World Kali Silat Society,"2400 Atlantic Ave. # 121, Virginia Beach ",23458,Virginia,[757] 3735060,,,school,Kali
Bellingham Modern Arnis,"1420 Pacific Place, Suite B, Ferndale,",98248,Washington,[360] 2240232,,,school,
Bird's Martial Arts," 5775 Soundview Dr,, Suite 101 A., Gig Harbor ",98335,Washington,[253] 8847914,,,school,
Blackbird Training Group,Kennewick,,Washington,[206] 6123044,,,school,
Edmonds Martial Arts Academy,Renton ,98059,Washington,[425] 4304269,,,school,
FMS Alliance / Pinto Martial Arts,Spokane,,Washington,[646] 5939650,,,school,
Hufana Traditional Arnis International,"14510 NE 20th Street, Suite 100, Bellevue ",98007,Washington,[425] 6438488,,,school,Arnis
International Serrada Eskrima Society,"2850 SW Yancy #116, Seattle ",98126,Washington,[206] 9358218,,,school,Eskrima
Kalahi Martial Arts Academy," Cascade Mall Dr., Burlington ",98233,Washington,[360] 7204313,,,school,
LESKAS (Ballard / Crown Hill neighborhood),"1475 NW 85th St., [in Ballard], Seattle ",98155,Washington,,,,school,
Little Dojo,"1726 East Isaacs, Walla Walla ",99362,Washington,[509] 5273385,,,school,
Manaois Systems International Martial Arts Academy," 216 W. Broadway, Moses Lake ",98837,Washington,[509] 7710922,,,school,
Seattle Escrima Club,"917 E Yesler Way, Seattle ",98122,Washington,[234] 2060488,,,Club,Escrima
Seattle Filipino Martial Arts Academy,"5659 California Ave. SW, Seattle ",98136,Washington,[206] 6183992,,,school,
Seattle Modern Arnis Academy,"5740 Martin Luther King Jr. Way, Seattle ",98122,Washington,[206] 8598363,,,school,Arnis
Nubreed Martial Arts Systems,Rock Springs ,82901,Wyoming,[307] 3890339,,,school,
Wyoming Combatives Group,"2145 W. Teton, Green River ",82935,Wyoming,[307] 8710907,,,school,
